"India signed 4 agrement with which nation in 2020??                                                                     	Nepal	China 	Pakistan	Maldives	4",Nepal,China,Pakistan,Maldives,4
"Which country has been removed from state sponsors of Terrorism List                                    ??	Bangladesh	UAE	Sudan	Pakistan	3",Bangladesh,UAE,Sudan,Pakistan,3
"Which India-Philippines Joint Comm. held on Bilateral Cooperation?                                      	2nd	4th	6th	10th	2",2nd,4th,6th,10th,2
"Who won US presidential elections?                                                                                                        	D.Trump	Joe Biden	Obama	None	2",D.Trump,Joe Biden, Obama,None,2
"Which nation announced changes to its Islamic laws?                                                                            	UAE	USA	Canada	France	1",UAE,USA,Canada,France,1
"Who inked MoU with Indian company for COVID-19 vaccine?                                             	Bangladesh	USA	Italy	Russia	1",Bangladesh,Italy,Russia,Germany,1
"Who successfully launched 13 satellites in a single rocket?                                                   	India	USA	Russia	China	4",India,USA,Russia,China,4
"Which company is to release its original film The Banker?                                                                 	HBO	Apple	Netflix	Amazon	2",HBO,Apple,Netflix,Amazon,2
"What is the name of the typhoon that hit North Korea recently?                                                             	Lisa	Mayask	Haishen	Sidr	2",Lisa,Mayask,Haisen,Sidr,2
"Who has recently announced ban on slaughtering of cows?                                                	Sri Lanka	Bangladesh	India	Canada	1",Srilanka,Bangladesh,India,Canada,1
