Who invented programming language??,Dennis Ritchie ,James Gossling , Ada Lovelace ,John McCarthy ,3
What is the only thing that computer understands????, Machine Code,Low Level Language, High Level Language, Algorithms,1
which command is used in c++ to show output???  ,cin>> , cout<<,out>> ,output<<  ,2
Which data structure uses LIFO??,Array ,Stack, Queue , Linked list ,2
what is FIFO?? , First in Few Out, Few In Few out ,First In First Out,Few In First Out,3
Which of the following is not a storage class? , Auto,Static ,Register ,Extern,1
to increase the size of dynamically allocated array?,  realloc() , calloc() , malloc() , memadjust(),1
Pointers can be used to achieve...??  ,  call by procedure   ,call by name , call by function  ,   call by reference,4
A structure is....??, Scalar data type  ,Derived data type ,Primitive data type  , None of these ,2
How much memory is required to store a  double? ,4 bytes,6 bytes,8 bytes,10bytes,3
