Who won the last fifa world cup?,Brazil,France,Argentina,Spain,2
Who was the player of the tournament?,Kane,Modric,Ronaldo,Messi,2
Who won the golden boot last season?,Suarez,Lewandowski,Immobile,Messi,3
When was FIFA formed?,1904,1921,1933,1902,1
Who has the most clean sheet in Epl history?,Petr Cech,Van der Ser ,Leno,Smimeichel,1
Who has the most premier league Title?,Arsenal,Man U,Liverpool,City,2
Most Epl goals?,Aguero,Henry,Kane,Shearer,4
Young player of the last FIFA WC?,Fati,Asensio,Mbappe,Greenwood,3
Which Country will host next FIFA WC?,Qatar,Argentina,Portugal,Japan,1
Who won the last Ucl trophey?,Real Madrid,Bayern Munich,Barcelona,Liverpool,2
