<?xml version="1.0" encoding="UTF-8"?>
<project-private xmlns="http://www.netbeans.org/ns/project-private/1">
    <editor-bookmarks xmlns="http://www.netbeans.org/ns/editor-bookmarks/2" lastBookmarkId="0"/>
    <open-files xmlns="http://www.netbeans.org/ns/projectui-open-files/2">
        <group>
            <file>file:/D:/Users/Dell/Desktop/club/QuizApp/src/quizapp/AdminLogIn.java</file>
            <file>file:/D:/Users/Dell/Desktop/club/QuizApp/src/quizapp/Ques1.java</file>
            <file>file:/D:/Users/Dell/Desktop/club/QuizApp/src/quizapp/Authentication.java</file>
            <file>file:/D:/Users/Dell/Desktop/club/QuizApp/src/quizapp/QuizApp.java</file>
            <file>file:/D:/Users/Dell/Desktop/club/QuizApp/src/quizapp/Instruction.java</file>
        </group>
    </open-files>
</project-private>
